# fintech-algorithms	0.13.0
# topic_id	subpath	entry
D00-F01-A01	fintech-algorithms/foundations/mathematical-language-and-quantitative-reasoning/variables-constants-expressions-and-equations	variablesConstantsExpressionsAndEquations
D00-F01-A02	fintech-algorithms/foundations/mathematical-language-and-quantitative-reasoning/functions-domains-ranges-and-graphs	functionsDomainsRangesAndGraphs
D00-F01-A03	fintech-algorithms/foundations/mathematical-language-and-quantitative-reasoning/ratios-proportions-rates-and-percentages	ratiosProportionsRatesAndPercentages
D00-F01-A04	fintech-algorithms/foundations/mathematical-language-and-quantitative-reasoning/percentage-change-percentage-points-and-basis-points	percentageChangePercentagePointsAndBasisPoints
D00-F01-A05	fintech-algorithms/foundations/mathematical-language-and-quantitative-reasoning/exponents-roots-and-logarithms	exponentsRootsAndLogarithms
D00-F01-A06	fintech-algorithms/foundations/mathematical-language-and-quantitative-reasoning/summation-products-and-index-notation	summationProductsAndIndexNotation
D00-F01-A07	fintech-algorithms/foundations/mathematical-language-and-quantitative-reasoning/linear-equations-and-systems	linearEquationsAndSystems
D00-F01-A08	fintech-algorithms/foundations/mathematical-language-and-quantitative-reasoning/inequalities-bounds-and-constraints	inequalitiesBoundsAndConstraints
D00-F01-A09	fintech-algorithms/foundations/mathematical-language-and-quantitative-reasoning/units-dimensions-scale-and-normalization	unitsDimensionsScaleAndNormalization
D00-F01-A10	fintech-algorithms/foundations/mathematical-language-and-quantitative-reasoning/rounding-precision-tolerance-and-significant-digits	roundingPrecisionToleranceAndSignificantDigits
D00-F02-A01	fintech-algorithms/foundations/financial-arithmetic-time-value-and-returns/simple-interest	simpleInterest
D00-F02-A02	fintech-algorithms/foundations/financial-arithmetic-time-value-and-returns/compound-interest	compoundInterest
D00-F02-A03	fintech-algorithms/foundations/financial-arithmetic-time-value-and-returns/present-future-value	presentValueAndFutureValue
D00-F02-A04	fintech-algorithms/foundations/financial-arithmetic-time-value-and-returns/discount-factors	discountFactorsAndDiscountRates
D00-F02-A05	fintech-algorithms/foundations/financial-arithmetic-time-value-and-returns/cashflow-npv	cashFlowTimelinesAndNetPresentValue
D00-F02-A06	fintech-algorithms/foundations/financial-arithmetic-time-value-and-returns/simple-return	simpleReturn
D00-F02-A07	fintech-algorithms/foundations/financial-arithmetic-time-value-and-returns/log-return	logReturn
D00-F02-A08	fintech-algorithms/foundations/financial-arithmetic-time-value-and-returns/holding-period-return	holdingPeriodAndCumulativeReturn
D00-F02-A09	fintech-algorithms/foundations/financial-arithmetic-time-value-and-returns/arithmetic-geometric-return	arithmeticVersusGeometricAverageReturn
D00-F02-A10	fintech-algorithms/foundations/financial-arithmetic-time-value-and-returns/annualization-deannualization	returnAnnualizationAndDeannualization
D00-F03-A01	fintech-algorithms/foundations/data-variables-samples-and-measurement/observations-entities-variables-and-datasets	observationsEntitiesVariablesAndDatasets
D00-F03-A02	fintech-algorithms/foundations/data-variables-samples-and-measurement/numeric-categorical-ordinal-and-binary-variables	numericCategoricalOrdinalAndBinaryVariables
D00-F03-A03	fintech-algorithms/foundations/data-variables-samples-and-measurement/population-sample-census-and-sampling-frame	populationSampleCensusAndSamplingFrame
D00-F03-A04	fintech-algorithms/foundations/data-variables-samples-and-measurement/cross-sectional-time-series-panel-and-event-data	crossSectionalTimeSeriesPanelAndEventData
D00-F03-A05	fintech-algorithms/foundations/data-variables-samples-and-measurement/identifiers-keys-joins-and-data-grain	identifiersKeysJoinsAndDataGrain
D00-F03-A06	fintech-algorithms/foundations/data-variables-samples-and-measurement/timestamps-time-zones-calendars-and-observation-time	timestampsTimeZonesCalendarsAndObservationTime
D00-F03-A07	fintech-algorithms/foundations/data-variables-samples-and-measurement/missing-nonfinite-censored-and-truncated-values	missingNonfiniteCensoredAndTruncatedValues
D00-F03-A08	fintech-algorithms/foundations/data-variables-samples-and-measurement/measurement-error-resolution-accuracy-and-precision	measurementErrorResolutionAccuracyAndPrecision
D00-F03-A09	fintech-algorithms/foundations/data-variables-samples-and-measurement/revisions-vintages-and-point-in-time-availability	revisionsVintagesAndPointInTimeAvailability
D00-F03-A10	fintech-algorithms/foundations/data-variables-samples-and-measurement/data-provenance-lineage-ownership-and-licensing	dataProvenanceLineageOwnershipAndLicensing
D00-F04-A01	fintech-algorithms/foundations/location-ranking-and-exploratory-summaries/count-sum-minimum-maximum-and-range	countSumMinimumMaximumAndRange
D00-F04-A02	fintech-algorithms/foundations/location-ranking-and-exploratory-summaries/arithmetic-mean	arithmeticMean
D00-F04-A03	fintech-algorithms/foundations/location-ranking-and-exploratory-summaries/weighted-mean	weightedMean
D00-F04-A04	fintech-algorithms/foundations/location-ranking-and-exploratory-summaries/median-and-mode	medianAndMode
D00-F04-A05	fintech-algorithms/foundations/location-ranking-and-exploratory-summaries/trimmed-and-winsorized-means	trimmedAndWinsorizedMeans
D00-F04-A06	fintech-algorithms/foundations/location-ranking-and-exploratory-summaries/percentiles-quantiles-and-quartiles	percentilesQuantilesAndQuartiles
D00-F04-A07	fintech-algorithms/foundations/location-ranking-and-exploratory-summaries/ranks-ties-and-percentile-rank	ranksTiesAndPercentileRank
D00-F04-A08	fintech-algorithms/foundations/location-ranking-and-exploratory-summaries/frequency-tables-and-relative-frequency	frequencyTablesAndRelativeFrequency
D00-F04-A09	fintech-algorithms/foundations/location-ranking-and-exploratory-summaries/histograms-and-empirical-distribution-functions	histogramsAndEmpiricalDistributionFunctions
D00-F04-A10	fintech-algorithms/foundations/location-ranking-and-exploratory-summaries/five-number-summary-and-box-plot	fiveNumberSummaryAndBoxPlot
D00-F05-A01	fintech-algorithms/foundations/dispersion-shape-and-robust-statistics/deviation-absolute-deviation-and-squared-deviation	deviationAbsoluteDeviationAndSquaredDeviation
D00-F05-A02	fintech-algorithms/foundations/dispersion-shape-and-robust-statistics/range-and-interquartile-range	rangeAndInterquartileRange
D00-F05-A03	fintech-algorithms/foundations/dispersion-shape-and-robust-statistics/mean-absolute-deviation	meanAbsoluteDeviation
D00-F05-A04	fintech-algorithms/foundations/dispersion-shape-and-robust-statistics/median-absolute-deviation	medianAbsoluteDeviation
D00-F05-A05	fintech-algorithms/foundations/dispersion-shape-and-robust-statistics/population-and-sample-variance	populationAndSampleVariance
D00-F05-A06	fintech-algorithms/foundations/dispersion-shape-and-robust-statistics/population-and-sample-standard-deviation	populationAndSampleStandardDeviation
D00-F05-A07	fintech-algorithms/foundations/dispersion-shape-and-robust-statistics/coefficient-of-variation-and-scale-comparability	coefficientOfVariationAndScaleComparability
D00-F05-A08	fintech-algorithms/foundations/dispersion-shape-and-robust-statistics/z-score-robust-z-score-and-standardization	zScoreRobustZScoreAndStandardization
D00-F05-A09	fintech-algorithms/foundations/dispersion-shape-and-robust-statistics/skewness-and-tail-asymmetry	skewnessAndTailAsymmetry
D00-F05-A10	fintech-algorithms/foundations/dispersion-shape-and-robust-statistics/kurtosis-excess-kurtosis-and-tail-weight	kurtosisExcessKurtosisAndTailWeight
D00-F06-A01	fintech-algorithms/foundations/probability-and-random-variables/experiments-outcomes-sample-spaces-and-events	experimentsOutcomesSampleSpacesAndEvents
D00-F06-A02	fintech-algorithms/foundations/probability-and-random-variables/probability-rules-complements-unions-and-intersections	probabilityRulesComplementsUnionsAndIntersections
D00-F06-A03	fintech-algorithms/foundations/probability-and-random-variables/conditional-probability	conditionalProbability
D00-F06-A04	fintech-algorithms/foundations/probability-and-random-variables/independence-and-dependence	independenceAndDependence
D00-F06-A05	fintech-algorithms/foundations/probability-and-random-variables/bayes-theorem-and-base-rates	bayesTheoremAndBaseRates
D00-F06-A06	fintech-algorithms/foundations/probability-and-random-variables/discrete-and-continuous-random-variables	discreteAndContinuousRandomVariables
D00-F06-A07	fintech-algorithms/foundations/probability-and-random-variables/expected-value	expectedValue
D00-F06-A08	fintech-algorithms/foundations/probability-and-random-variables/variance-moments-and-moment-generating-intuition	varianceMomentsAndMomentGeneratingIntuition
D00-F06-A09	fintech-algorithms/foundations/probability-and-random-variables/joint-marginal-and-conditional-distributions	jointMarginalAndConditionalDistributions
D00-F06-A10	fintech-algorithms/foundations/probability-and-random-variables/covariance-and-correlation-of-random-variables	covarianceAndCorrelationOfRandomVariables
D00-F07-A01	fintech-algorithms/foundations/probability-distributions-and-simulation-basics/pmf-pdf-cdf-survival-and-quantile-functions	pmfPdfCdfSurvivalAndQuantileFunctions
D00-F07-A02	fintech-algorithms/foundations/probability-distributions-and-simulation-basics/bernoulli-and-binomial-distributions	bernoulliAndBinomialDistributions
D00-F07-A03	fintech-algorithms/foundations/probability-distributions-and-simulation-basics/poisson-distribution-and-event-counts	poissonDistributionAndEventCounts
D00-F07-A04	fintech-algorithms/foundations/probability-distributions-and-simulation-basics/uniform-distribution-and-random-sampling	uniformDistributionAndRandomSampling
D00-F07-A05	fintech-algorithms/foundations/probability-distributions-and-simulation-basics/normal-distribution-and-standard-normal	normalDistributionAndStandardNormal
D00-F07-A06	fintech-algorithms/foundations/probability-distributions-and-simulation-basics/lognormal-distribution-and-positive-quantities	lognormalDistributionAndPositiveQuantities
D00-F07-A07	fintech-algorithms/foundations/probability-distributions-and-simulation-basics/student-t-distribution-and-heavy-tails	studentTDistributionAndHeavyTails
D00-F07-A08	fintech-algorithms/foundations/probability-distributions-and-simulation-basics/exponential-gamma-and-weibull-waiting-time-models	exponentialGammaAndWeibullWaitingTimeModels
D00-F07-A09	fintech-algorithms/foundations/probability-distributions-and-simulation-basics/mixture-distributions-multimodality-and-fat-tails	mixtureDistributionsMultimodalityAndFatTails
D00-F07-A10	fintech-algorithms/foundations/probability-distributions-and-simulation-basics/random-sampling-and-monte-carlo-intuition	randomSamplingAndMonteCarloIntuition
D00-F08-A01	fintech-algorithms/foundations/sampling-estimation-and-statistical-inference/parameters-statistics-estimands-and-estimators	parametersStatisticsEstimandsAndEstimators
D00-F08-A02	fintech-algorithms/foundations/sampling-estimation-and-statistical-inference/sampling-distributions	samplingDistributions
D00-F08-A03	fintech-algorithms/foundations/sampling-estimation-and-statistical-inference/estimator-bias-consistency-efficiency-and-robustness	estimatorBiasConsistencyEfficiencyAndRobustness
D00-F08-A04	fintech-algorithms/foundations/sampling-estimation-and-statistical-inference/law-of-large-numbers	lawOfLargeNumbers
D00-F08-A05	fintech-algorithms/foundations/sampling-estimation-and-statistical-inference/central-limit-theorem	centralLimitTheorem
D00-F08-A06	fintech-algorithms/foundations/sampling-estimation-and-statistical-inference/standard-error	standardError
D00-F08-A07	fintech-algorithms/foundations/sampling-estimation-and-statistical-inference/confidence-intervals-and-coverage	confidenceIntervalsAndCoverage
D00-F08-A08	fintech-algorithms/foundations/sampling-estimation-and-statistical-inference/null-and-alternative-hypotheses	nullAndAlternativeHypotheses
D00-F08-A09	fintech-algorithms/foundations/sampling-estimation-and-statistical-inference/p-values-significance-type-i-ii-errors-and-power	pValuesSignificanceTypeIIiErrorsAndPower
D00-F08-A10	fintech-algorithms/foundations/sampling-estimation-and-statistical-inference/effect-size-practical-significance-and-multiple-comparisons	effectSizePracticalSignificanceAndMultipleComparisons
D00-F09-A01	fintech-algorithms/foundations/dependence-regression-and-model-foundations/scatter-plots-association-and-nonlinear-patterns	scatterPlotsAssociationAndNonlinearPatterns
D00-F09-A02	fintech-algorithms/foundations/dependence-regression-and-model-foundations/sample-covariance-calculation-and-interpretation	sampleCovarianceCalculationAndInterpretation
D00-F09-A03	fintech-algorithms/foundations/dependence-regression-and-model-foundations/pearson-correlation-calculation-and-interpretation	pearsonCorrelationCalculationAndInterpretation
D00-F09-A04	fintech-algorithms/foundations/dependence-regression-and-model-foundations/spearman-rank-correlation-and-kendall-tau	spearmanRankCorrelationAndKendallTau
D00-F09-A05	fintech-algorithms/foundations/dependence-regression-and-model-foundations/correlation-causation-confounding-and-spurious-relationships	correlationCausationConfoundingAndSpuriousRelationships
D00-F09-A06	fintech-algorithms/foundations/dependence-regression-and-model-foundations/simple-ordinary-least-squares-regression	simpleOrdinaryLeastSquaresRegression
D00-F09-A07	fintech-algorithms/foundations/dependence-regression-and-model-foundations/intercepts-slopes-coefficients-and-predictions	interceptsSlopesCoefficientsAndPredictions
D00-F09-A08	fintech-algorithms/foundations/dependence-regression-and-model-foundations/residuals-mae-mse-and-rmse	residualsMaeMseAndRmse
D00-F09-A09	fintech-algorithms/foundations/dependence-regression-and-model-foundations/r-squared-and-adjusted-r-squared	rSquaredAndAdjustedRSquared
D00-F09-A10	fintech-algorithms/foundations/dependence-regression-and-model-foundations/regression-assumptions-heteroskedasticity-and-multicollinearity	regressionAssumptionsHeteroskedasticityAndMulticollinearity
D00-F10-A01	fintech-algorithms/foundations/financial-time-series-foundations/time-order-frequency-regularity-and-financial-calendars	timeOrderFrequencyRegularityAndFinancialCalendars
D00-F10-A02	fintech-algorithms/foundations/financial-time-series-foundations/levels-changes-differences-and-returns	levelsChangesDifferencesAndReturns
D00-F10-A03	fintech-algorithms/foundations/financial-time-series-foundations/lags-leads-and-temporal-dependence	lagsLeadsAndTemporalDependence
D00-F10-A04	fintech-algorithms/foundations/financial-time-series-foundations/rolling-and-expanding-windows	rollingAndExpandingWindows
D00-F10-A05	fintech-algorithms/foundations/financial-time-series-foundations/resampling-aggregation-and-time-alignment	resamplingAggregationAndTimeAlignment
D00-F10-A06	fintech-algorithms/foundations/financial-time-series-foundations/trend-seasonality-cycles-and-remainder	trendSeasonalityCyclesAndRemainder
D00-F10-A07	fintech-algorithms/foundations/financial-time-series-foundations/autocovariance-and-autocorrelation	autocovarianceAndAutocorrelation
D00-F10-A08	fintech-algorithms/foundations/financial-time-series-foundations/stationarity-and-differencing-intuition	stationarityAndDifferencingIntuition
D00-F10-A09	fintech-algorithms/foundations/financial-time-series-foundations/smoothing-baselines-and-naive-forecasts	smoothingBaselinesAndNaiveForecasts
D00-F10-A10	fintech-algorithms/foundations/financial-time-series-foundations/look-ahead-leakage-and-time-aware-data-splits	lookAheadLeakageAndTimeAwareDataSplits
D00-F11-A01	fintech-algorithms/foundations/financial-risk-and-performance-statistics/volatility-and-annualized-volatility	volatilityAndAnnualizedVolatility
D00-F11-A02	fintech-algorithms/foundations/financial-risk-and-performance-statistics/downside-deviation-and-target-shortfall	downsideDeviationAndTargetShortfall
D00-F11-A03	fintech-algorithms/foundations/financial-risk-and-performance-statistics/drawdown-and-maximum-drawdown	drawdownAndMaximumDrawdown
D00-F11-A04	fintech-algorithms/foundations/financial-risk-and-performance-statistics/loss-distributions-and-loss-quantiles	lossDistributionsAndLossQuantiles
D00-F11-A05	fintech-algorithms/foundations/financial-risk-and-performance-statistics/value-at-risk-intuition	valueAtRiskIntuition
D00-F11-A06	fintech-algorithms/foundations/financial-risk-and-performance-statistics/expected-shortfall-intuition	expectedShortfallIntuition
D00-F11-A07	fintech-algorithms/foundations/financial-risk-and-performance-statistics/beta-and-market-relative-risk	betaAndMarketRelativeRisk
D00-F11-A08	fintech-algorithms/foundations/financial-risk-and-performance-statistics/sharpe-sortino-and-information-ratio-intuition	sharpeSortinoAndInformationRatioIntuition
D00-F11-A09	fintech-algorithms/foundations/financial-risk-and-performance-statistics/active-return-and-tracking-error	activeReturnAndTrackingError
D00-F11-A10	fintech-algorithms/foundations/financial-risk-and-performance-statistics/covariance-matrices-portfolio-variance-and-diversification	covarianceMatricesPortfolioVarianceAndDiversification
D00-F12-A01	fintech-algorithms/foundations/statistical-computing-and-reproducibility/floating-point-representation-overflow-and-underflow	floatingPointRepresentationOverflowAndUnderflow
D00-F12-A02	fintech-algorithms/foundations/statistical-computing-and-reproducibility/stable-summation-and-mean-calculation	stableSummationAndMeanCalculation
D00-F12-A03	fintech-algorithms/foundations/statistical-computing-and-reproducibility/stable-online-variance-and-welford-s-algorithm	stableOnlineVarianceAndWelfordsAlgorithm
D00-F12-A04	fintech-algorithms/foundations/statistical-computing-and-reproducibility/batch-rolling-and-streaming-statistic-equivalence	batchRollingAndStreamingStatisticEquivalence
D00-F12-A05	fintech-algorithms/foundations/statistical-computing-and-reproducibility/missing-infinite-invalid-and-unsupported-state-policies	missingInfiniteInvalidAndUnsupportedStatePolicies
D00-F12-A06	fintech-algorithms/foundations/statistical-computing-and-reproducibility/pseudorandom-numbers-seeds-and-reproducibility	pseudorandomNumbersSeedsAndReproducibility
D00-F12-A07	fintech-algorithms/foundations/statistical-computing-and-reproducibility/vectorization-index-alignment-and-shape-safety	vectorizationIndexAlignmentAndShapeSafety
D00-F12-A08	fintech-algorithms/foundations/statistical-computing-and-reproducibility/leakage-free-fitting-scaling-and-preprocessing	leakageFreeFittingScalingAndPreprocessing
D00-F12-A09	fintech-algorithms/foundations/statistical-computing-and-reproducibility/fixtures-numerical-tolerances-and-property-tests	fixturesNumericalTolerancesAndPropertyTests
D00-F12-A10	fintech-algorithms/foundations/statistical-computing-and-reproducibility/reproducible-analysis-metadata-and-audit-trails	reproducibleAnalysisMetadataAndAuditTrails
D01-F01-A01	fintech-algorithms/market-data-engineering/bar-construction/time-bars	constructBars
D01-F01-A02	fintech-algorithms/market-data-engineering/bar-construction/tick-bars	constructBars
D01-F01-A03	fintech-algorithms/market-data-engineering/bar-construction/volume-bars	constructBars
D01-F01-A04	fintech-algorithms/market-data-engineering/bar-construction/dollar-bars	constructBars
D01-F01-A05	fintech-algorithms/market-data-engineering/bar-construction/tick-imbalance-bars	constructBars
D01-F01-A06	fintech-algorithms/market-data-engineering/bar-construction/volume-imbalance-bars	constructBars
D01-F01-A07	fintech-algorithms/market-data-engineering/bar-construction/tick-run-bars	constructBars
D01-F02-A01	fintech-algorithms/market-data-engineering/cleaning-and-validation/ohlc-consistency-validator	validateBars
D01-F02-A02	fintech-algorithms/market-data-engineering/cleaning-and-validation/hampel-bad-tick-filter	hampelFilter
D01-F02-A03	fintech-algorithms/market-data-engineering/cleaning-and-validation/median-absolute-deviation-outlier-filter	madOutliers
D01-F02-A04	fintech-algorithms/market-data-engineering/cleaning-and-validation/stale-quote-detector	detectStaleQuotes
D01-F02-A05	fintech-algorithms/market-data-engineering/cleaning-and-validation/duplicate-trade-resolver	resolveTrades
D01-F02-A06	fintech-algorithms/market-data-engineering/cleaning-and-validation/crossed-locked-market-detector	classifyMarkets
D01-F03-A01	fintech-algorithms/market-data-engineering/time-synchronization/previous-tick-interpolation	previousTick
D01-F03-A02	fintech-algorithms/market-data-engineering/time-synchronization/linear-quote-interpolation	linearQuoteInterpolation
D01-F03-A03	fintech-algorithms/market-data-engineering/time-synchronization/refresh-time-sampling	refreshTimeSample
D01-F03-A04	fintech-algorithms/market-data-engineering/time-synchronization/exchange-calendar-alignment	validateCalendar
D01-F03-A05	fintech-algorithms/market-data-engineering/time-synchronization/asynchronous-return-alignment	classifyIntervalPair
D01-F04-A01	fintech-algorithms/market-data-engineering/data-quality/missing-bar-gap-classifier	diagnoseGap
D01-F04-A02	fintech-algorithms/market-data-engineering/data-quality/feed-latency-monitor	validateClockProfile
D01-F04-A03	fintech-algorithms/market-data-engineering/data-quality/price-source-consensus-check	consensus
D01-F04-A04	fintech-algorithms/market-data-engineering/data-quality/schema-drift-detector	detectSchemaDrift
D01-F04-A05	fintech-algorithms/market-data-engineering/data-quality/point-in-time-availability-guard	asOfSnapshot
D01-F04-A06	fintech-algorithms/market-data-engineering/data-quality/provider-adjustment-basis-drift-detector	detectAdjustmentBasisDrift
D01-F05-A01	fintech-algorithms/market-data-engineering/order-book-feed-engineering/trade-and-quote-event-normalization	normalizeEvents
D01-F05-A02	fintech-algorithms/market-data-engineering/order-book-feed-engineering/level-2-snapshot-and-delta-reconstruction	reconstructL2
D01-F05-A03	fintech-algorithms/market-data-engineering/order-book-feed-engineering/level-3-order-by-order-reconstruction	reconstructL3
D01-F05-A04	fintech-algorithms/market-data-engineering/order-book-feed-engineering/sequence-gap-detection-and-recovery	recoverSequenceStream
D01-F05-A05	fintech-algorithms/market-data-engineering/order-book-feed-engineering/price-level-quantity-aggregation	aggregatePriceLevels
D01-F05-A06	fintech-algorithms/market-data-engineering/order-book-feed-engineering/snapshot-incremental-feed-reconciliation	reconcileSnapshotIncrementals
D01-F05-A07	fintech-algorithms/market-data-engineering/order-book-feed-engineering/multi-venue-best-quote-and-book-consolidation	consolidateVenues
D02-F01-A01	fintech-algorithms/corporate-actions-and-security-master-data/adjustment-factors/backward-split-adjustment	calculate
D02-F01-A02	fintech-algorithms/corporate-actions-and-security-master-data/adjustment-factors/forward-split-adjustment	calculate
D02-F01-A03	fintech-algorithms/corporate-actions-and-security-master-data/adjustment-factors/cash-dividend-total-return-adjustment	calculate
D02-F01-A04	fintech-algorithms/corporate-actions-and-security-master-data/adjustment-factors/crsp-cumulative-price-adjustment	calculate
D02-F01-A05	fintech-algorithms/corporate-actions-and-security-master-data/adjustment-factors/crsp-cumulative-share-volume-adjustment	calculate
D02-F02-A01	fintech-algorithms/corporate-actions-and-security-master-data/complex-distributions/rights-issue-terp-adjustment	calculate
D02-F02-A02	fintech-algorithms/corporate-actions-and-security-master-data/complex-distributions/spin-off-price-adjustment	calculate
D02-F02-A03	fintech-algorithms/corporate-actions-and-security-master-data/complex-distributions/stock-dividend-adjustment	calculate
D02-F02-A04	fintech-algorithms/corporate-actions-and-security-master-data/complex-distributions/special-dividend-adjustment	calculate
D02-F02-A05	fintech-algorithms/corporate-actions-and-security-master-data/complex-distributions/return-of-capital-adjustment	calculate
D02-F03-A01	fintech-algorithms/corporate-actions-and-security-master-data/identity-continuity/permanent-security-identifier-mapping	resolveIdentifier
D02-F03-A02	fintech-algorithms/corporate-actions-and-security-master-data/identity-continuity/ticker-change-chain-resolution	resolveTickerChain
D02-F03-A03	fintech-algorithms/corporate-actions-and-security-master-data/identity-continuity/share-class-relationship-mapping	calculate
D02-F03-A04	fintech-algorithms/corporate-actions-and-security-master-data/identity-continuity/merger-predecessor-successor-mapping	resolveMerger
D02-F03-A05	fintech-algorithms/corporate-actions-and-security-master-data/identity-continuity/delisting-return-reconstruction	calculate
D02-F04-A01	fintech-algorithms/corporate-actions-and-security-master-data/point-in-time-universe/historical-constituent-reconstruction	calculate
D02-F04-A02	fintech-algorithms/corporate-actions-and-security-master-data/point-in-time-universe/survivorship-bias-guard	guardSurvivorship
D02-F04-A03	fintech-algorithms/corporate-actions-and-security-master-data/point-in-time-universe/ipo-availability-timestamping	calculate
D02-F04-A04	fintech-algorithms/corporate-actions-and-security-master-data/point-in-time-universe/filing-revision-versioning	calculate
D02-F04-A05	fintech-algorithms/corporate-actions-and-security-master-data/point-in-time-universe/corporate-action-status-and-effective-date-reconciliation	reconcileCorporateAction
D03-F01-A01	fintech-algorithms/index-and-benchmark-engineering/index-initialization-and-continuity/base-date-base-value-initialization	calculate
D03-F01-A02	fintech-algorithms/index-and-benchmark-engineering/index-initialization-and-continuity/index-divisor-initialization	calculate
D03-F01-A03	fintech-algorithms/index-and-benchmark-engineering/index-initialization-and-continuity/divisor-continuity-adjustment	calculate
D03-F01-A04	fintech-algorithms/index-and-benchmark-engineering/index-initialization-and-continuity/corporate-action-divisor-bridge	calculate
D03-F01-A05	fintech-algorithms/index-and-benchmark-engineering/index-initialization-and-continuity/intraday-index-level-calculation	calculate
D03-F02-A01	fintech-algorithms/index-and-benchmark-engineering/weighting-and-capping/price-weighted-index	calculate
D03-F02-A02	fintech-algorithms/index-and-benchmark-engineering/weighting-and-capping/total-market-cap-index	calculate
D03-F02-A03	fintech-algorithms/index-and-benchmark-engineering/weighting-and-capping/free-float-market-cap-index	calculate
D03-F02-A04	fintech-algorithms/index-and-benchmark-engineering/weighting-and-capping/capped-free-float-market-cap-index	calculate
D03-F02-A05	fintech-algorithms/index-and-benchmark-engineering/weighting-and-capping/modified-market-cap-index	calculate
D03-F02-A06	fintech-algorithms/index-and-benchmark-engineering/weighting-and-capping/equal-weight-index	calculate
D03-F02-A07	fintech-algorithms/index-and-benchmark-engineering/weighting-and-capping/iterative-cap-redistribution	calculate
D03-F02-A08	fintech-algorithms/index-and-benchmark-engineering/weighting-and-capping/group-level-capping	calculate
D03-F03-A01	fintech-algorithms/index-and-benchmark-engineering/alternative-weighting/fundamental-weighted-index	calculate
D03-F03-A02	fintech-algorithms/index-and-benchmark-engineering/alternative-weighting/dividend-yield-weighted-index	calculate
D03-F03-A03	fintech-algorithms/index-and-benchmark-engineering/alternative-weighting/factor-score-weighted-index	calculate
D03-F03-A04	fintech-algorithms/index-and-benchmark-engineering/alternative-weighting/minimum-volatility-index	calculate
D03-F03-A05	fintech-algorithms/index-and-benchmark-engineering/alternative-weighting/equal-risk-contribution-index	calculate
D03-F03-A06	fintech-algorithms/index-and-benchmark-engineering/alternative-weighting/thematic-tilt-index	calculate
D03-F04-A01	fintech-algorithms/index-and-benchmark-engineering/return-variants/price-return-index	calculate
D03-F04-A02	fintech-algorithms/index-and-benchmark-engineering/return-variants/gross-total-return-index	calculate
D03-F04-A03	fintech-algorithms/index-and-benchmark-engineering/return-variants/net-total-return-index	calculate
D03-F04-A04	fintech-algorithms/index-and-benchmark-engineering/return-variants/excess-return-index	calculate
D03-F04-A05	fintech-algorithms/index-and-benchmark-engineering/return-variants/dividend-point-index	calculate
D03-F04-A06	fintech-algorithms/index-and-benchmark-engineering/return-variants/currency-converted-index	calculate
D03-F04-A07	fintech-algorithms/index-and-benchmark-engineering/return-variants/currency-hedged-index	calculate
D03-F05-A01	fintech-algorithms/index-and-benchmark-engineering/strategy-indices/leveraged-daily-reset-index	calculate
D03-F05-A02	fintech-algorithms/index-and-benchmark-engineering/strategy-indices/inverse-daily-reset-index	calculate
D03-F05-A03	fintech-algorithms/index-and-benchmark-engineering/strategy-indices/volatility-control-index	calculate
D03-F05-A04	fintech-algorithms/index-and-benchmark-engineering/strategy-indices/fixed-decrement-index	calculate
D03-F05-A05	fintech-algorithms/index-and-benchmark-engineering/strategy-indices/percentage-decrement-index	calculate
D03-F05-A06	fintech-algorithms/index-and-benchmark-engineering/strategy-indices/index-of-indices	calculate
D03-F06-A01	fintech-algorithms/index-and-benchmark-engineering/governance-and-maintenance/eligibility-screen	calculate
D03-F06-A02	fintech-algorithms/index-and-benchmark-engineering/governance-and-maintenance/liquidity-screen	calculate
D03-F06-A03	fintech-algorithms/index-and-benchmark-engineering/governance-and-maintenance/free-float-factor-calculation	calculate
D03-F06-A04	fintech-algorithms/index-and-benchmark-engineering/governance-and-maintenance/ipo-fast-entry-rule	calculate
D03-F06-A05	fintech-algorithms/index-and-benchmark-engineering/governance-and-maintenance/reconstitution-algorithm	calculate
D03-F06-A06	fintech-algorithms/index-and-benchmark-engineering/governance-and-maintenance/rebalancing-algorithm	calculate
D03-F06-A07	fintech-algorithms/index-and-benchmark-engineering/governance-and-maintenance/turnover-buffer-rule	calculate
D03-F06-A08	fintech-algorithms/index-and-benchmark-engineering/governance-and-maintenance/index-replication-cost-estimator	calculate
D04-F01-A01	fintech-algorithms/market-breadth-and-internals/advance-decline-breadth/net-advances	calculateNetAdvances
D04-F01-A02	fintech-algorithms/market-breadth-and-internals/advance-decline-breadth/advance-decline-ratio	calculateAdvanceDeclineRatio
D04-F01-A03	fintech-algorithms/market-breadth-and-internals/advance-decline-breadth/cumulative-advance-decline-line	calculateCumulativeAdvanceDeclineLine
D04-F01-A04	fintech-algorithms/market-breadth-and-internals/advance-decline-breadth/normalized-advance-decline-line	calculateNormalizedAdLine
D04-F01-A05	fintech-algorithms/market-breadth-and-internals/advance-decline-breadth/absolute-breadth-index	evaluateAbsoluteBreadthIndex
D04-F02-A01	fintech-algorithms/market-breadth-and-internals/mcclellan-family/traditional-mcclellan-oscillator	calculateMcClellanValues
D04-F02-A02	fintech-algorithms/market-breadth-and-internals/mcclellan-family/ratio-adjusted-mcclellan-oscillator	calculate
D04-F02-A03	fintech-algorithms/market-breadth-and-internals/mcclellan-family/traditional-mcclellan-summation-index	calculate
D04-F02-A04	fintech-algorithms/market-breadth-and-internals/mcclellan-family/ratio-adjusted-summation-index-rasi	calculate
D04-F02-A05	fintech-algorithms/market-breadth-and-internals/mcclellan-family/mcclellan-volume-oscillator	calculate
D04-F02-A06	fintech-algorithms/market-breadth-and-internals/mcclellan-family/mcclellan-volume-summation-index	calculate
D04-F03-A01	fintech-algorithms/market-breadth-and-internals/high-low-and-trend-breadth/new-highs-new-lows	calculate
D04-F03-A02	fintech-algorithms/market-breadth-and-internals/high-low-and-trend-breadth/high-low-ratio	calculate
D04-F03-A03	fintech-algorithms/market-breadth-and-internals/high-low-and-trend-breadth/high-low-index	calculate
D04-F03-A04	fintech-algorithms/market-breadth-and-internals/high-low-and-trend-breadth/percent-above-20-day-ma	evaluateSnapshot
D04-F03-A05	fintech-algorithms/market-breadth-and-internals/high-low-and-trend-breadth/percent-above-50-day-ma	evaluateSnapshot
D04-F03-A06	fintech-algorithms/market-breadth-and-internals/high-low-and-trend-breadth/percent-above-200-day-ma	evaluateSnapshot
D04-F04-A01	fintech-algorithms/market-breadth-and-internals/thrust-and-pressure/zweig-breadth-thrust	calculate
D04-F04-A02	fintech-algorithms/market-breadth-and-internals/thrust-and-pressure/arms-index-trin	calculate
D04-F04-A03	fintech-algorithms/market-breadth-and-internals/thrust-and-pressure/advance-decline-volume-line	calculate
D04-F04-A04	fintech-algorithms/market-breadth-and-internals/thrust-and-pressure/upside-downside-volume-ratio	calculate
D04-F04-A05	fintech-algorithms/market-breadth-and-internals/thrust-and-pressure/cumulative-tick	calculate
D04-F04-A06	fintech-algorithms/market-breadth-and-internals/thrust-and-pressure/breadth-divergence-detector	calculate
D04-F05-A01	fintech-algorithms/market-breadth-and-internals/concentration-and-diffusion/top-n-index-contribution	calculate
D04-F05-A02	fintech-algorithms/market-breadth-and-internals/concentration-and-diffusion/herfindahl-constituent-concentration	calculate
D04-F05-A03	fintech-algorithms/market-breadth-and-internals/concentration-and-diffusion/effective-number-of-constituents	calculate
D04-F05-A04	fintech-algorithms/market-breadth-and-internals/concentration-and-diffusion/sector-diffusion-index	calculate
D04-F05-A05	fintech-algorithms/market-breadth-and-internals/concentration-and-diffusion/factor-diffusion-index	calculate
D06-F01-A01	fintech-algorithms/price-action-and-candlesticks/candle-foundations/candle-anatomy	analyzeCandle
D06-F01-A02	fintech-algorithms/price-action-and-candlesticks/candle-foundations/scale-aware-body-classification	classifyBody
D06-F01-A03	fintech-algorithms/price-action-and-candlesticks/candle-foundations/shadow-to-body-ratio	shadowToBodyRatio
D06-F01-A04	fintech-algorithms/price-action-and-candlesticks/candle-foundations/gap-classification	gapClassification
D06-F01-A05	fintech-algorithms/price-action-and-candlesticks/candle-foundations/trend-context-filter	trendContextFilter
D06-F02-A01	fintech-algorithms/price-action-and-candlesticks/single-candle-patterns/doji	doji
D06-F02-A02	fintech-algorithms/price-action-and-candlesticks/single-candle-patterns/dragonfly-doji	dragonflyDoji
D06-F02-A03	fintech-algorithms/price-action-and-candlesticks/single-candle-patterns/gravestone-doji	gravestoneDoji
D06-F02-A04	fintech-algorithms/price-action-and-candlesticks/single-candle-patterns/marubozu	marubozu
D06-F02-A05	fintech-algorithms/price-action-and-candlesticks/single-candle-patterns/spinning-top	spinningTop
D06-F02-A06	fintech-algorithms/price-action-and-candlesticks/single-candle-patterns/hammer	hammer
D06-F02-A07	fintech-algorithms/price-action-and-candlesticks/single-candle-patterns/hanging-man	hangingMan
D06-F02-A08	fintech-algorithms/price-action-and-candlesticks/single-candle-patterns/inverted-hammer	invertedHammer
D06-F02-A09	fintech-algorithms/price-action-and-candlesticks/single-candle-patterns/shooting-star	shootingStar
D06-F02-A10	fintech-algorithms/price-action-and-candlesticks/single-candle-patterns/long-legged-doji	longLeggedDoji
D06-F02-A11	fintech-algorithms/price-action-and-candlesticks/single-candle-patterns/four-price-doji	fourPriceDoji
D06-F02-A12	fintech-algorithms/price-action-and-candlesticks/single-candle-patterns/high-wave-candle	highWaveCandle
D06-F02-A13	fintech-algorithms/price-action-and-candlesticks/single-candle-patterns/belt-hold	beltHold
D06-F03-A01	fintech-algorithms/price-action-and-candlesticks/two-candle-patterns/bullish-engulfing	bullishEngulfing
D06-F03-A02	fintech-algorithms/price-action-and-candlesticks/two-candle-patterns/bearish-engulfing	bearishEngulfing
D06-F03-A03	fintech-algorithms/price-action-and-candlesticks/two-candle-patterns/bullish-harami	bullishHarami
D06-F03-A04	fintech-algorithms/price-action-and-candlesticks/two-candle-patterns/bearish-harami	bearishHarami
D06-F03-A05	fintech-algorithms/price-action-and-candlesticks/two-candle-patterns/piercing-line	piercingLine
D06-F03-A06	fintech-algorithms/price-action-and-candlesticks/two-candle-patterns/dark-cloud-cover	darkCloudCover
D06-F03-A07	fintech-algorithms/price-action-and-candlesticks/two-candle-patterns/tweezer-top	tweezerTop
D06-F03-A08	fintech-algorithms/price-action-and-candlesticks/two-candle-patterns/tweezer-bottom	tweezerBottom
D06-F03-A09	fintech-algorithms/price-action-and-candlesticks/two-candle-patterns/harami-cross	haramiCross
D06-F03-A10	fintech-algorithms/price-action-and-candlesticks/two-candle-patterns/kicking-pattern	kickingPattern
D06-F03-A11	fintech-algorithms/price-action-and-candlesticks/two-candle-patterns/matching-low	matchingLow
D06-F03-A12	fintech-algorithms/price-action-and-candlesticks/two-candle-patterns/rising-falling-window	risingFallingWindow
D06-F04-A01	fintech-algorithms/price-action-and-candlesticks/multi-candle-patterns/morning-star	morningStar
D06-F04-A02	fintech-algorithms/price-action-and-candlesticks/multi-candle-patterns/evening-star	eveningStar
D06-F04-A03	fintech-algorithms/price-action-and-candlesticks/multi-candle-patterns/three-white-soldiers	threeWhiteSoldiers
D06-F04-A04	fintech-algorithms/price-action-and-candlesticks/multi-candle-patterns/three-black-crows	threeBlackCrows
D06-F04-A05	fintech-algorithms/price-action-and-candlesticks/multi-candle-patterns/three-inside-up-down	threeInsideUpDown
D06-F04-A06	fintech-algorithms/price-action-and-candlesticks/multi-candle-patterns/three-outside-up-down	threeOutsideUpDown
D06-F04-A07	fintech-algorithms/price-action-and-candlesticks/multi-candle-patterns/abandoned-baby	abandonedBaby
D06-F04-A08	fintech-algorithms/price-action-and-candlesticks/multi-candle-patterns/morning-doji-star	morningDojiStar
D06-F04-A09	fintech-algorithms/price-action-and-candlesticks/multi-candle-patterns/evening-doji-star	eveningDojiStar
D06-F04-A10	fintech-algorithms/price-action-and-candlesticks/multi-candle-patterns/three-line-strike	threeLineStrike
D06-F04-A11	fintech-algorithms/price-action-and-candlesticks/multi-candle-patterns/rising-falling-three-methods	risingFallingThreeMethods
D06-F04-A12	fintech-algorithms/price-action-and-candlesticks/multi-candle-patterns/upside-gap-two-crows	upsideGapTwoCrows
D06-F04-A13	fintech-algorithms/price-action-and-candlesticks/multi-candle-patterns/mat-hold	matHold
D06-F05-A01	fintech-algorithms/price-action-and-candlesticks/candlestick-scanning-and-context/unified-candlestick-pattern-registry	buildRegistry
D06-F05-A02	fintech-algorithms/price-action-and-candlesticks/candlestick-scanning-and-context/candlestick-pattern-occurrence-contract	makeOccurrence
D06-F05-A03	fintech-algorithms/price-action-and-candlesticks/candlestick-scanning-and-context/market-wide-candlestick-pattern-scanner	scanMarket
D06-F05-A04	fintech-algorithms/price-action-and-candlesticks/candlestick-scanning-and-context/contextual-candlestick-confidence-score	scoreContext
D06-F05-A05	fintech-algorithms/price-action-and-candlesticks/candlestick-scanning-and-context/support-resistance-pattern-context	supportResistanceContext
D06-F05-A06	fintech-algorithms/price-action-and-candlesticks/candlestick-scanning-and-context/trend-volatility-and-volume-pattern-context	trendVolatilityVolumeContext
D06-F05-A07	fintech-algorithms/price-action-and-candlesticks/candlestick-scanning-and-context/overlapping-pattern-conflict-resolver	resolveConflicts
D06-F05-A08	fintech-algorithms/price-action-and-candlesticks/candlestick-scanning-and-context/candlestick-confirmation-and-invalidation-state-machine	runConfirmationStateMachine
D06-F05-A09	fintech-algorithms/price-action-and-candlesticks/candlestick-scanning-and-context/candlestick-scanner-ranking-and-deduplication	rankAndDeduplicate
D07-F01-A01	fintech-algorithms/technical-indicators/trend-smoothing/sma	calculateSma
D07-F01-A02	fintech-algorithms/technical-indicators/trend-smoothing/ema	calculateEma
D07-F01-A03	fintech-algorithms/technical-indicators/trend-smoothing/wma	calculateWma
D07-F01-A04	fintech-algorithms/technical-indicators/trend-smoothing/wilder-rma	calculateRma
D07-F01-A05	fintech-algorithms/technical-indicators/trend-smoothing/dema	calculateDemaComponents
D07-F01-A06	fintech-algorithms/technical-indicators/trend-smoothing/tema	calculateTemaComponents
D07-F01-A07	fintech-algorithms/technical-indicators/trend-smoothing/hull-ma	calculateHullMa
D07-F01-A08	fintech-algorithms/technical-indicators/trend-smoothing/kama	calculateKama
D07-F01-A09	fintech-algorithms/technical-indicators/trend-smoothing/mama	mama
D07-F01-A10	fintech-algorithms/technical-indicators/trend-smoothing/triangular-moving-average-trima	triangularMovingAverageTrima
D07-F01-A11	fintech-algorithms/technical-indicators/trend-smoothing/tillson-t3-moving-average	tillsonT3MovingAverage
D07-F01-A12	fintech-algorithms/technical-indicators/trend-smoothing/following-adaptive-moving-average-fama	followingAdaptiveMovingAverageFama
D07-F01-A13	fintech-algorithms/technical-indicators/trend-smoothing/arnaud-legoux-moving-average-alma	arnaudLegouxMovingAverageAlma
D07-F01-A14	fintech-algorithms/technical-indicators/trend-smoothing/fractal-adaptive-moving-average-frama	fractalAdaptiveMovingAverageFrama
D07-F01-A15	fintech-algorithms/technical-indicators/trend-smoothing/zero-lag-exponential-moving-average-zlema	zeroLagExponentialMovingAverageZlema
D07-F01-A16	fintech-algorithms/technical-indicators/trend-smoothing/least-squares-moving-average-lsma	leastSquaresMovingAverageLsma
D07-F01-A17	fintech-algorithms/technical-indicators/trend-smoothing/variable-index-dynamic-average-vidya	variableIndexDynamicAverageVidya
D07-F01-A18	fintech-algorithms/technical-indicators/trend-smoothing/mcginley-dynamic	mcginleyDynamic
D07-F01-A19	fintech-algorithms/technical-indicators/trend-smoothing/jurik-style-moving-average-design	jurikStyleMovingAverageDesign
D07-F01-A20	fintech-algorithms/technical-indicators/trend-smoothing/volume-weighted-moving-average-vwma	volumeWeightedMovingAverageVwma
D07-F01-A21	fintech-algorithms/technical-indicators/trend-smoothing/quadratic-weighted-moving-average	quadraticWeightedMovingAverage
D07-F01-A22	fintech-algorithms/technical-indicators/trend-smoothing/gaussian-moving-average	gaussianMovingAverage
D07-F01-A23	fintech-algorithms/technical-indicators/trend-smoothing/ehlers-super-smoother-filter	ehlersSuperSmootherFilter
D07-F01-A24	fintech-algorithms/technical-indicators/trend-smoothing/ehlers-instantaneous-trendline	ehlersInstantaneousTrendline
D07-F02-A01	fintech-algorithms/technical-indicators/trend-systems/macd	macd
D07-F02-A02	fintech-algorithms/technical-indicators/trend-systems/percentage-price-oscillator	ppo
D07-F02-A03	fintech-algorithms/technical-indicators/trend-systems/aroon	aroon
D07-F02-A04	fintech-algorithms/technical-indicators/trend-systems/directional-movement	directionalMovement
D07-F02-A05	fintech-algorithms/technical-indicators/trend-systems/adx	adx
D07-F02-A06	fintech-algorithms/technical-indicators/trend-systems/ichimoku-cloud	ichimoku
D07-F02-A07	fintech-algorithms/technical-indicators/trend-systems/parabolic-sar	parabolicSar
D07-F02-A08	fintech-algorithms/technical-indicators/trend-systems/supertrend	supertrend
D07-F02-A09	fintech-algorithms/technical-indicators/trend-systems/average-directional-index-rating-adxr	averageDirectionalIndexRatingAdxr
D07-F02-A10	fintech-algorithms/technical-indicators/trend-systems/vortex-indicator-vi-vi	vortexIndicatorViVi
D07-F02-A11	fintech-algorithms/technical-indicators/trend-systems/choppiness-index	choppinessIndex
D07-F02-A12	fintech-algorithms/technical-indicators/trend-systems/trend-intensity-index	trendIntensityIndex
D07-F02-A13	fintech-algorithms/technical-indicators/trend-systems/qstick	qstick
D07-F02-A14	fintech-algorithms/technical-indicators/trend-systems/mass-index	massIndex
D07-F02-A15	fintech-algorithms/technical-indicators/trend-systems/vertical-horizontal-filter	verticalHorizontalFilter
D07-F02-A16	fintech-algorithms/technical-indicators/trend-systems/random-walk-index-high-low	randomWalkIndexHighLow
D07-F02-A17	fintech-algorithms/technical-indicators/trend-systems/trend-trigger-factor	trendTriggerFactor
D07-F02-A18	fintech-algorithms/technical-indicators/trend-systems/directional-trend-index	directionalTrendIndex
D07-F02-A19	fintech-algorithms/technical-indicators/trend-systems/trend-strength-index	trendStrengthIndex
D07-F03-A01	fintech-algorithms/technical-indicators/momentum/rsi	rsi
D07-F03-A02	fintech-algorithms/technical-indicators/momentum/stochastic-oscillator	stochastic
D07-F03-A03	fintech-algorithms/technical-indicators/momentum/stochastic-rsi	stochasticRsi
D07-F03-A04	fintech-algorithms/technical-indicators/momentum/williams-r	williamsR
D07-F03-A05	fintech-algorithms/technical-indicators/momentum/cci	cci
D07-F03-A06	fintech-algorithms/technical-indicators/momentum/ultimate-oscillator	ultimateOscillator
D07-F03-A07	fintech-algorithms/technical-indicators/momentum/tsi	tsi
D07-F03-A08	fintech-algorithms/technical-indicators/momentum/connors-rsi	connorsRsi
D07-F03-A09	fintech-algorithms/technical-indicators/momentum/absolute-price-oscillator	absolutePriceOscillator
D07-F03-A10	fintech-algorithms/technical-indicators/momentum/rate-of-change-variants-roc-rocp-and-rocr	rateOfChangeVariantsRocRocpAndRocr
D07-F03-A11	fintech-algorithms/technical-indicators/momentum/price-momentum-mom	priceMomentumMom
D07-F03-A12	fintech-algorithms/technical-indicators/momentum/chande-momentum-oscillator	chandeMomentumOscillator
D07-F03-A13	fintech-algorithms/technical-indicators/momentum/awesome-oscillator	awesomeOscillator
D07-F03-A14	fintech-algorithms/technical-indicators/momentum/accelerator-oscillator	acceleratorOscillator
D07-F03-A15	fintech-algorithms/technical-indicators/momentum/trix	trix
D07-F03-A16	fintech-algorithms/technical-indicators/momentum/stochastic-momentum-index	stochasticMomentumIndex
D07-F03-A17	fintech-algorithms/technical-indicators/momentum/relative-vigor-index	relativeVigorIndex
D07-F03-A18	fintech-algorithms/technical-indicators/momentum/relative-momentum-index	relativeMomentumIndex
D07-F03-A19	fintech-algorithms/technical-indicators/momentum/fisher-transform	fisherTransform
D07-F03-A20	fintech-algorithms/technical-indicators/momentum/inverse-fisher-transform	inverseFisherTransform
D07-F03-A21	fintech-algorithms/technical-indicators/momentum/schaff-trend-cycle	schaffTrendCycle
D07-F03-A22	fintech-algorithms/technical-indicators/momentum/quantitative-qualitative-estimation-qqe	quantitativeQualitativeEstimationQqe
D07-F03-A23	fintech-algorithms/technical-indicators/momentum/wavetrend-oscillator	wavetrendOscillator
D07-F03-A24	fintech-algorithms/technical-indicators/momentum/know-sure-thing-kst	knowSureThingKst
D07-F03-A25	fintech-algorithms/technical-indicators/momentum/chande-forecast-oscillator	chandeForecastOscillator
D07-F03-A26	fintech-algorithms/technical-indicators/momentum/detrended-price-oscillator	detrendedPriceOscillator
D07-F03-A27	fintech-algorithms/technical-indicators/momentum/balance-of-power	balanceOfPower
D07-F03-A28	fintech-algorithms/technical-indicators/momentum/psychological-line	psychologicalLine
D07-F03-A29	fintech-algorithms/technical-indicators/momentum/pretty-good-oscillator	prettyGoodOscillator
D07-F03-A30	fintech-algorithms/technical-indicators/momentum/price-momentum-oscillator	priceMomentumOscillator
D07-F04-A01	fintech-algorithms/technical-indicators/volatility-and-channels/true-range	trueRange
D07-F04-A02	fintech-algorithms/technical-indicators/volatility-and-channels/atr	averageTrueRange
D07-F04-A03	fintech-algorithms/technical-indicators/volatility-and-channels/bollinger-bands	bollingerBands
D07-F04-A04	fintech-algorithms/technical-indicators/volatility-and-channels/keltner-channels	keltnerChannels
D07-F04-A05	fintech-algorithms/technical-indicators/volatility-and-channels/donchian-channels	donchianChannels
D07-F04-A06	fintech-algorithms/technical-indicators/volatility-and-channels/bollinger-bandwidth	bollingerBandwidth
D07-F05-A01	fintech-algorithms/technical-indicators/volume-indicators/obv	obv
D07-F05-A02	fintech-algorithms/technical-indicators/volume-indicators/accumulation-distribution-line	accumulationDistributionLine
D07-F05-A03	fintech-algorithms/technical-indicators/volume-indicators/chaikin-money-flow	chaikinMoneyFlow
D07-F05-A04	fintech-algorithms/technical-indicators/volume-indicators/money-flow-index	moneyFlowIndex
D07-F05-A05	fintech-algorithms/technical-indicators/volume-indicators/volume-price-trend	volumePriceTrend
D07-F05-A06	fintech-algorithms/technical-indicators/volume-indicators/force-index	forceIndex
D07-F05-A07	fintech-algorithms/technical-indicators/volume-indicators/chaikin-a-d-oscillator	chaikinADOscillator
D07-F05-A08	fintech-algorithms/technical-indicators/volume-indicators/session-vwap-indicator	sessionVwapIndicator
D07-F05-A09	fintech-algorithms/technical-indicators/volume-indicators/anchored-vwap	anchoredVwap
D07-F05-A10	fintech-algorithms/technical-indicators/volume-indicators/negative-volume-index	negativeVolumeIndex
D07-F05-A11	fintech-algorithms/technical-indicators/volume-indicators/positive-volume-index	positiveVolumeIndex
D07-F05-A12	fintech-algorithms/technical-indicators/volume-indicators/ease-of-movement	easeOfMovement
D07-F05-A13	fintech-algorithms/technical-indicators/volume-indicators/klinger-volume-oscillator	klingerVolumeOscillator
D07-F05-A14	fintech-algorithms/technical-indicators/volume-indicators/volume-oscillator	volumeOscillator
D07-F05-A15	fintech-algorithms/technical-indicators/volume-indicators/percentage-volume-oscillator	percentageVolumeOscillator
D07-F05-A16	fintech-algorithms/technical-indicators/volume-indicators/volume-rate-of-change	volumeRateOfChange
D07-F05-A17	fintech-algorithms/technical-indicators/volume-indicators/relative-volume	relativeVolume
D07-F05-A18	fintech-algorithms/technical-indicators/volume-indicators/money-flow-multiplier-and-money-flow-volume	moneyFlowMultiplierAndMoneyFlowVolume
D07-F05-A19	fintech-algorithms/technical-indicators/volume-indicators/volume-weighted-macd	volumeWeightedMacd
D07-F05-A20	fintech-algorithms/technical-indicators/volume-indicators/volume-zone-oscillator	volumeZoneOscillator
D07-F05-A21	fintech-algorithms/technical-indicators/volume-indicators/twiggs-money-flow	twiggsMoneyFlow
D07-F06-A01	fintech-algorithms/technical-indicators/range-and-volatility-indicators/normalized-atr-and-atr-percentage	normalizedAtrAndAtrPercentage
D07-F06-A02	fintech-algorithms/technical-indicators/range-and-volatility-indicators/chaikin-volatility	chaikinVolatility
D07-F06-A03	fintech-algorithms/technical-indicators/range-and-volatility-indicators/ulcer-index	ulcerIndex
D07-F06-A04	fintech-algorithms/technical-indicators/range-and-volatility-indicators/relative-volatility-index	relativeVolatilityIndex
D07-F06-A05	fintech-algorithms/technical-indicators/range-and-volatility-indicators/volatility-ratio	volatilityRatio
D07-F06-A06	fintech-algorithms/technical-indicators/range-and-volatility-indicators/volatility-quality-index	volatilityQualityIndex
D07-F06-A07	fintech-algorithms/technical-indicators/range-and-volatility-indicators/average-daily-range	averageDailyRange
D07-F06-A08	fintech-algorithms/technical-indicators/range-and-volatility-indicators/gap-volatility	gapVolatility
D07-F06-A09	fintech-algorithms/technical-indicators/range-and-volatility-indicators/range-efficiency-ratio	rangeEfficiencyRatio
D07-F06-A10	fintech-algorithms/technical-indicators/range-and-volatility-indicators/high-low-range-percentage	highLowRangePercentage
D07-F06-A11	fintech-algorithms/technical-indicators/range-and-volatility-indicators/normalized-price-range	normalizedPriceRange
D07-F06-A12	fintech-algorithms/technical-indicators/range-and-volatility-indicators/volatility-stop	volatilityStop
D07-F07-A01	fintech-algorithms/technical-indicators/bands-envelopes-and-squeezes/bollinger-percent-b	bollingerPercentB
D07-F07-A02	fintech-algorithms/technical-indicators/bands-envelopes-and-squeezes/moving-average-envelope	movingAverageEnvelope
D07-F07-A03	fintech-algorithms/technical-indicators/bands-envelopes-and-squeezes/atr-bands	atrBands
D07-F07-A04	fintech-algorithms/technical-indicators/bands-envelopes-and-squeezes/standard-deviation-channel	standardDeviationChannel
D07-F07-A05	fintech-algorithms/technical-indicators/bands-envelopes-and-squeezes/regression-channel	regressionChannel
D07-F07-A06	fintech-algorithms/technical-indicators/bands-envelopes-and-squeezes/raff-regression-channel	raffRegressionChannel
D07-F07-A07	fintech-algorithms/technical-indicators/bands-envelopes-and-squeezes/starc-bands	starcBands
D07-F07-A08	fintech-algorithms/technical-indicators/bands-envelopes-and-squeezes/fractal-chaos-bands	fractalChaosBands
D07-F07-A09	fintech-algorithms/technical-indicators/bands-envelopes-and-squeezes/projection-bands	projectionBands
D07-F07-A10	fintech-algorithms/technical-indicators/bands-envelopes-and-squeezes/dynamic-zone-bands	dynamicZoneBands
D07-F07-A11	fintech-algorithms/technical-indicators/bands-envelopes-and-squeezes/ttm-squeeze	ttmSqueeze
D07-F07-A12	fintech-algorithms/technical-indicators/bands-envelopes-and-squeezes/squeeze-momentum	squeezeMomentum
D07-F07-A13	fintech-algorithms/technical-indicators/bands-envelopes-and-squeezes/adaptive-price-zone	adaptivePriceZone
D07-F08-A01	fintech-algorithms/technical-indicators/price-transforms/typical-price	typicalPrice
D07-F08-A02	fintech-algorithms/technical-indicators/price-transforms/median-price-transform	medianPriceTransform
D07-F08-A03	fintech-algorithms/technical-indicators/price-transforms/weighted-close	weightedClose
D07-F08-A04	fintech-algorithms/technical-indicators/price-transforms/average-price-transform	averagePriceTransform
D07-F08-A05	fintech-algorithms/technical-indicators/price-transforms/heikin-ashi-transform	heikinAshiTransform
D07-F08-A06	fintech-algorithms/technical-indicators/price-transforms/log-price-transform	logPriceTransform
D07-F08-A07	fintech-algorithms/technical-indicators/price-transforms/price-relative	priceRelative
D07-F08-A08	fintech-algorithms/technical-indicators/price-transforms/normalized-price-transform	normalizedPriceTransform
D07-F09-A01	fintech-algorithms/technical-indicators/rolling-statistical-indicators/rolling-percentile	rollingPercentile
D07-F09-A02	fintech-algorithms/technical-indicators/rolling-statistical-indicators/rolling-quantile	rollingQuantile
D07-F09-A03	fintech-algorithms/technical-indicators/rolling-statistical-indicators/rolling-beta	rollingBeta
D07-F09-A04	fintech-algorithms/technical-indicators/rolling-statistical-indicators/rolling-alpha	rollingAlpha
D08-F01-A01	fintech-algorithms/geometric-chart-patterns/pivots-and-levels/causal-pivot-detection	detectCausalPivots
D08-F01-A02	fintech-algorithms/geometric-chart-patterns/pivots-and-levels/zigzag-segmentation	zigzagSegment
D08-F01-A03	fintech-algorithms/geometric-chart-patterns/pivots-and-levels/support-resistance-clustering	clusterPivotLevels
D08-F01-A04	fintech-algorithms/geometric-chart-patterns/pivots-and-levels/robust-trendline-fitting	fitRobustTrendline
D08-F01-A05	fintech-algorithms/geometric-chart-patterns/pivots-and-levels/classic-and-floor-trader-pivot-points	classicAndFloorTraderPivotPoints
D08-F01-A06	fintech-algorithms/geometric-chart-patterns/pivots-and-levels/fibonacci-pivot-points	fibonacciPivotPoints
D08-F01-A07	fintech-algorithms/geometric-chart-patterns/pivots-and-levels/camarilla-pivot-points	camarillaPivotPoints
D08-F01-A08	fintech-algorithms/geometric-chart-patterns/pivots-and-levels/woodie-pivot-points	woodiePivotPoints
D08-F01-A09	fintech-algorithms/geometric-chart-patterns/pivots-and-levels/demark-pivot-points	demarkPivotPoints
D08-F01-A10	fintech-algorithms/geometric-chart-patterns/pivots-and-levels/rolling-support-and-resistance	rollingSupportAndResistance
D08-F01-A11	fintech-algorithms/geometric-chart-patterns/pivots-and-levels/fractal-support-and-resistance	fractalSupportAndResistance
D08-F01-A12	fintech-algorithms/geometric-chart-patterns/pivots-and-levels/atr-support-and-resistance	atrSupportAndResistance
D08-F01-A13	fintech-algorithms/geometric-chart-patterns/pivots-and-levels/pivot-range-width	pivotRangeWidth
D08-F02-A01	fintech-algorithms/geometric-chart-patterns/reversal-structures/double-top	doubleTop
D08-F02-A02	fintech-algorithms/geometric-chart-patterns/reversal-structures/double-bottom	doubleBottom
D08-F02-A03	fintech-algorithms/geometric-chart-patterns/reversal-structures/triple-top	tripleTop
D08-F02-A04	fintech-algorithms/geometric-chart-patterns/reversal-structures/triple-bottom	tripleBottom
D08-F02-A05	fintech-algorithms/geometric-chart-patterns/reversal-structures/head-and-shoulders	headAndShoulders
D08-F02-A06	fintech-algorithms/geometric-chart-patterns/reversal-structures/inverse-head-and-shoulders	inverseHeadAndShoulders
D08-F03-A01	fintech-algorithms/geometric-chart-patterns/continuation-structures/ascending-triangle	detectAscendingTriangle
D08-F03-A02	fintech-algorithms/geometric-chart-patterns/continuation-structures/descending-triangle	detectDescendingTriangle
D08-F03-A03	fintech-algorithms/geometric-chart-patterns/continuation-structures/symmetrical-triangle	detectSymmetricalTriangle
D08-F03-A04	fintech-algorithms/geometric-chart-patterns/continuation-structures/flag	detectFlag
D08-F03-A05	fintech-algorithms/geometric-chart-patterns/continuation-structures/pennant	detectPennant
D08-F03-A06	fintech-algorithms/geometric-chart-patterns/continuation-structures/rising-falling-wedge	detectRisingFallingWedge
D08-F04-A01	fintech-algorithms/geometric-chart-patterns/pattern-matching/normalized-template-matching	match
D08-F04-A02	fintech-algorithms/geometric-chart-patterns/pattern-matching/dynamic-time-warping-pattern-match	match
D08-F04-A03	fintech-algorithms/geometric-chart-patterns/pattern-matching/matrix-profile-motif-discovery	discover
D08-F04-A04	fintech-algorithms/geometric-chart-patterns/pattern-matching/shapelet-pattern-classifier	classify
D08-F05-A01	fintech-algorithms/geometric-chart-patterns/indicator-divergence-detection/price-indicator-pivot-alignment	priceIndicatorPivotAlignment
D08-F05-A02	fintech-algorithms/geometric-chart-patterns/indicator-divergence-detection/regular-bullish-bearish-divergence-detection	regularBullishBearishDivergenceDetection
D08-F05-A03	fintech-algorithms/geometric-chart-patterns/indicator-divergence-detection/hidden-bullish-bearish-divergence-detection	hiddenBullishBearishDivergenceDetection
D08-F05-A04	fintech-algorithms/geometric-chart-patterns/indicator-divergence-detection/multi-indicator-divergence-adapters	multiIndicatorDivergenceAdapters
D08-F05-A05	fintech-algorithms/geometric-chart-patterns/indicator-divergence-detection/divergence-strength-and-quality-scoring	divergenceStrengthAndQualityScoring
D08-F05-A06	fintech-algorithms/geometric-chart-patterns/indicator-divergence-detection/divergence-confirmation-and-invalidation-state-machine	divergenceConfirmationAndInvalidationStateMachine
D08-F05-A07	fintech-algorithms/geometric-chart-patterns/indicator-divergence-detection/multi-indicator-divergence-confluence	multiIndicatorDivergenceConfluence
D08-F05-A08	fintech-algorithms/geometric-chart-patterns/indicator-divergence-detection/market-wide-divergence-scanner-and-ranking	marketWideDivergenceScannerAndRanking
D08-F06-A01	fintech-algorithms/geometric-chart-patterns/level-confluence-and-zone-scoring/price-by-volume-profile-construction	priceByVolumeProfileConstruction
D08-F06-A02	fintech-algorithms/geometric-chart-patterns/level-confluence-and-zone-scoring/poc-value-area-hvn-lvn-detection	pocValueAreaHvnLvnDetection
D08-F06-A03	fintech-algorithms/geometric-chart-patterns/level-confluence-and-zone-scoring/fibonacci-retracement-extension-projection	fibonacciRetracementExtensionProjection
D08-F06-A04	fintech-algorithms/geometric-chart-patterns/level-confluence-and-zone-scoring/psychological-round-number-level-generation	psychologicalRoundNumberLevelGeneration
D08-F06-A05	fintech-algorithms/geometric-chart-patterns/level-confluence-and-zone-scoring/multi-source-support-resistance-zone-fusion	multiSourceSupportResistanceZoneFusion
D08-F06-A06	fintech-algorithms/geometric-chart-patterns/level-confluence-and-zone-scoring/support-resistance-zone-strength-decay-scoring	supportResistanceZoneStrengthDecayScoring
D08-F06-A07	fintech-algorithms/geometric-chart-patterns/level-confluence-and-zone-scoring/support-resistance-role-reversal-state-machine	supportResistanceRoleReversalStateMachine
D08-F06-A08	fintech-algorithms/geometric-chart-patterns/level-confluence-and-zone-scoring/breakout-and-retest-detection	breakoutAndRetestDetection
D08-F06-A09	fintech-algorithms/geometric-chart-patterns/level-confluence-and-zone-scoring/market-wide-zone-proximity-scanner-ranking	marketWideZoneProximityScannerRanking
D08-F07-A01	fintech-algorithms/geometric-chart-patterns/market-structure-breakouts-and-regimes/highest-high-and-lowest-low-primitives	highestHighAndLowestLowPrimitives
D08-F07-A02	fintech-algorithms/geometric-chart-patterns/market-structure-breakouts-and-regimes/single-asset-new-high-new-low-signal	singleAssetNewHighNewLowSignal
D08-F07-A03	fintech-algorithms/geometric-chart-patterns/market-structure-breakouts-and-regimes/breakout-strength	breakoutStrength
D08-F07-A04	fintech-algorithms/geometric-chart-patterns/market-structure-breakouts-and-regimes/donchian-breakout	donchianBreakout
D08-F07-A05	fintech-algorithms/geometric-chart-patterns/market-structure-breakouts-and-regimes/opening-range-breakout	openingRangeBreakout
D08-F07-A06	fintech-algorithms/geometric-chart-patterns/market-structure-breakouts-and-regimes/price-compression-index	priceCompressionIndex
D08-F07-A07	fintech-algorithms/geometric-chart-patterns/market-structure-breakouts-and-regimes/range-expansion-index	rangeExpansionIndex
D08-F07-A08	fintech-algorithms/geometric-chart-patterns/market-structure-breakouts-and-regimes/fractal-dimension-index	fractalDimensionIndex
D08-F07-A09	fintech-algorithms/geometric-chart-patterns/market-structure-breakouts-and-regimes/hurst-exponent	hurstExponent
D08-F07-A10	fintech-algorithms/geometric-chart-patterns/market-structure-breakouts-and-regimes/efficiency-ratio	efficiencyRatio
D08-F07-A11	fintech-algorithms/geometric-chart-patterns/market-structure-breakouts-and-regimes/market-meanness-index	marketMeannessIndex
D08-F07-A12	fintech-algorithms/geometric-chart-patterns/market-structure-breakouts-and-regimes/trend-range-regime-classifier	trendRangeRegimeClassifier
D08-F07-A13	fintech-algorithms/geometric-chart-patterns/market-structure-breakouts-and-regimes/volatility-regime-classifier	volatilityRegimeClassifier
D08-F07-A14	fintech-algorithms/geometric-chart-patterns/market-structure-breakouts-and-regimes/directional-persistence	directionalPersistence
D08-F07-A15	fintech-algorithms/geometric-chart-patterns/market-structure-breakouts-and-regimes/swing-structure-detector	swingStructureDetector
D08-F07-A16	fintech-algorithms/geometric-chart-patterns/market-structure-breakouts-and-regimes/higher-high-lower-low-structure	higherHighLowerLowStructure
D08-F07-A17	fintech-algorithms/geometric-chart-patterns/market-structure-breakouts-and-regimes/inside-outside-bar-structure	insideOutsideBarStructure
D08-F07-A18	fintech-algorithms/geometric-chart-patterns/market-structure-breakouts-and-regimes/market-entropy	marketEntropy
D09-F01-A01	fintech-algorithms/statistical-time-series/diagnostics/acf	acf
D09-F01-A02	fintech-algorithms/statistical-time-series/diagnostics/pacf	pacf
D09-F01-A03	fintech-algorithms/statistical-time-series/diagnostics/augmented-dickey-fuller	adf
D09-F01-A04	fintech-algorithms/statistical-time-series/diagnostics/kpss	kpss
D09-F01-A05	fintech-algorithms/statistical-time-series/diagnostics/ljung-box	ljungBox
D09-F01-A06	fintech-algorithms/statistical-time-series/diagnostics/zivot-andrews-break-test	zivotAndrews
D09-F02-A01	fintech-algorithms/statistical-time-series/forecast-models/autoreg	forecastAutoReg
D09-F02-A02	fintech-algorithms/statistical-time-series/forecast-models/arma	forecastARMA
D09-F02-A03	fintech-algorithms/statistical-time-series/forecast-models/arima	forecastARIMA
D09-F02-A04	fintech-algorithms/statistical-time-series/forecast-models/sarima-sarimax	forecastSARIMAX
D09-F02-A05	fintech-algorithms/statistical-time-series/forecast-models/holt-winters	forecastHoltWintersAdditive
D09-F02-A06	fintech-algorithms/statistical-time-series/forecast-models/theta-forecast	forecastTheta
D09-F03-A01	fintech-algorithms/statistical-time-series/multivariate-systems/var	fitVAR
D09-F03-A02	fintech-algorithms/statistical-time-series/multivariate-systems/structural-var	fitRecursiveSVAR
D09-F03-A03	fintech-algorithms/statistical-time-series/multivariate-systems/vecm	fitVECMFixedBeta
D09-F03-A04	fintech-algorithms/statistical-time-series/multivariate-systems/impulse-response-analysis	impulseResponses
D09-F03-A05	fintech-algorithms/statistical-time-series/multivariate-systems/forecast-error-variance-decomposition	forecastErrorVarianceDecomposition
D09-F04-A01	fintech-algorithms/statistical-time-series/state-and-regime-models/kalman-filter	runFilter
D09-F04-A02	fintech-algorithms/statistical-time-series/state-and-regime-models/extended-kalman-filter	runFilter
D09-F04-A03	fintech-algorithms/statistical-time-series/state-and-regime-models/unscented-kalman-filter	runFilter
D09-F04-A04	fintech-algorithms/statistical-time-series/state-and-regime-models/hidden-markov-model	runFilter
D09-F04-A05	fintech-algorithms/statistical-time-series/state-and-regime-models/markov-switching-autoregression	runFilter
D09-F04-A06	fintech-algorithms/statistical-time-series/state-and-regime-models/bayesian-change-point-detection	runFilter
D09-F05-A01	fintech-algorithms/statistical-time-series/decomposition-and-cycles/stl-decomposition	stlDecompose
D09-F05-A02	fintech-algorithms/statistical-time-series/decomposition-and-cycles/hodrick-prescott-filter	hpFilter
D09-F05-A03	fintech-algorithms/statistical-time-series/decomposition-and-cycles/baxter-king-filter	bkFilter
D09-F05-A04	fintech-algorithms/statistical-time-series/decomposition-and-cycles/christiano-fitzgerald-filter	cfFilter
D09-F05-A05	fintech-algorithms/statistical-time-series/decomposition-and-cycles/fast-fourier-transform-periodogram	fftPeriodogram
D09-F05-A06	fintech-algorithms/statistical-time-series/decomposition-and-cycles/wavelet-decomposition	haarWavelet
D09-F06-A01	fintech-algorithms/statistical-time-series/hilbert-and-ehlers-cycle-analytics/hilbert-transform-dominant-cycle-period	hilbertTransformDominantCyclePeriod
D09-F06-A02	fintech-algorithms/statistical-time-series/hilbert-and-ehlers-cycle-analytics/hilbert-transform-dominant-cycle-phase	hilbertTransformDominantCyclePhase
D09-F06-A03	fintech-algorithms/statistical-time-series/hilbert-and-ehlers-cycle-analytics/hilbert-transform-phasor-components	hilbertTransformPhasorComponents
D09-F06-A04	fintech-algorithms/statistical-time-series/hilbert-and-ehlers-cycle-analytics/hilbert-transform-sinewave	hilbertTransformSinewave
D09-F06-A05	fintech-algorithms/statistical-time-series/hilbert-and-ehlers-cycle-analytics/hilbert-transform-trend-cycle-mode	hilbertTransformTrendCycleMode
D09-F06-A06	fintech-algorithms/statistical-time-series/hilbert-and-ehlers-cycle-analytics/ehlers-cyber-cycle	ehlersCyberCycle
D09-F06-A07	fintech-algorithms/statistical-time-series/hilbert-and-ehlers-cycle-analytics/ehlers-roofing-filter	ehlersRoofingFilter
D09-F06-A08	fintech-algorithms/statistical-time-series/hilbert-and-ehlers-cycle-analytics/ehlers-decycler	ehlersDecycler
D11-F01-A01	fintech-algorithms/market-microstructure/trade-classification/tick-test	tickTest
D11-F01-A02	fintech-algorithms/market-microstructure/trade-classification/quote-test	quoteTest
D11-F01-A03	fintech-algorithms/market-microstructure/trade-classification/lee-ready-trade-signing	leeReady
D11-F01-A04	fintech-algorithms/market-microstructure/trade-classification/bulk-volume-classification	bulkVolumeClassification
D11-F02-A01	fintech-algorithms/market-microstructure/liquidity-and-spreads/quoted-spread	quotedSpread
D11-F02-A02	fintech-algorithms/market-microstructure/liquidity-and-spreads/effective-spread	effectiveSpread
D11-F02-A03	fintech-algorithms/market-microstructure/liquidity-and-spreads/realized-spread	realizedSpread
D11-F02-A04	fintech-algorithms/market-microstructure/liquidity-and-spreads/roll-spread-estimator	rollSpread
D11-F02-A05	fintech-algorithms/market-microstructure/liquidity-and-spreads/amihud-illiquidity-ratio	amihudIlliquidity
D11-F02-A06	fintech-algorithms/market-microstructure/liquidity-and-spreads/corwin-schultz-spread-estimator	corwinSchultzSpread
D11-F03-A01	fintech-algorithms/market-microstructure/order-flow-and-impact/order-flow-imbalance	orderFlowImbalance
D11-F03-A02	fintech-algorithms/market-microstructure/order-flow-and-impact/queue-imbalance	queueImbalance
D11-F03-A03	fintech-algorithms/market-microstructure/order-flow-and-impact/kyle-lambda	kyleLambda
D11-F03-A04	fintech-algorithms/market-microstructure/order-flow-and-impact/hasbrouck-price-impact	hasbrouckPriceImpact
D11-F03-A05	fintech-algorithms/market-microstructure/order-flow-and-impact/pin	pin
D11-F03-A06	fintech-algorithms/market-microstructure/order-flow-and-impact/vpin	vpin
D11-F04-A01	fintech-algorithms/market-microstructure/order-book-dynamics/order-book-slope	orderBookSlope
D11-F04-A02	fintech-algorithms/market-microstructure/order-book-dynamics/depth-weighted-midprice	depthWeightedMidprice
D11-F04-A03	fintech-algorithms/market-microstructure/order-book-dynamics/microprice	microprice
D11-F04-A04	fintech-algorithms/market-microstructure/order-book-dynamics/order-book-resiliency	orderBookResiliency
D11-F04-A05	fintech-algorithms/market-microstructure/order-book-dynamics/hawkes-order-arrival-model	hawkesOrderArrival
D11-F05-A01	fintech-algorithms/market-microstructure/market-depth-analytics/cumulative-bid-ask-depth	cumulativeDepth
D11-F05-A02	fintech-algorithms/market-microstructure/market-depth-analytics/top-n-depth-imbalance	topNDepthImbalance
D11-F05-A03	fintech-algorithms/market-microstructure/market-depth-analytics/depth-at-distance-profile	depthAtDistanceProfile
D11-F05-A04	fintech-algorithms/market-microstructure/market-depth-analytics/expected-market-order-fill-price	expectedFillPrice
D11-F05-A05	fintech-algorithms/market-microstructure/market-depth-analytics/multi-level-sweep-cost-and-slippage	sweepCostAndSlippage
D11-F05-A06	fintech-algorithms/market-microstructure/market-depth-analytics/liquidity-wall-and-concentration-detection	liquidityWallConcentration
D11-F05-A07	fintech-algorithms/market-microstructure/market-depth-analytics/depth-depletion-and-replenishment	depthDepletionReplenishment
D11-F05-A08	fintech-algorithms/market-microstructure/market-depth-analytics/market-depth-heatmap-aggregation	marketDepthHeatmap
D12-F01-A01	fintech-algorithms/matching-engines-and-venue-logic/continuous-matching/price-time-priority	priceTimePriority
D12-F01-A02	fintech-algorithms/matching-engines-and-venue-logic/continuous-matching/pro-rata-matching	proRataMatching
D12-F01-A03	fintech-algorithms/matching-engines-and-venue-logic/continuous-matching/size-time-priority	sizeTimePriority
D12-F01-A04	fintech-algorithms/matching-engines-and-venue-logic/continuous-matching/hybrid-pro-rata-time-matching	hybridProRataTime
D12-F02-A01	fintech-algorithms/matching-engines-and-venue-logic/auctions/maximum-executable-volume-auction	maximumExecutableVolumeAuction
D12-F02-A02	fintech-algorithms/matching-engines-and-venue-logic/auctions/minimum-imbalance-tie-break	minimumImbalanceTieBreak
D12-F02-A03	fintech-algorithms/matching-engines-and-venue-logic/auctions/opening-cross-price	openingCrossPrice
D12-F02-A04	fintech-algorithms/matching-engines-and-venue-logic/auctions/closing-cross-price	closingCrossPrice
D12-F02-A05	fintech-algorithms/matching-engines-and-venue-logic/auctions/volatility-auction-reopening	volatilityAuctionReopening
D12-F03-A01	fintech-algorithms/matching-engines-and-venue-logic/order-controls/tick-size-validation	tickSizeValidation
D12-F03-A02	fintech-algorithms/matching-engines-and-venue-logic/order-controls/price-band-validation	priceBandValidation
D12-F03-A03	fintech-algorithms/matching-engines-and-venue-logic/order-controls/self-trade-prevention	selfTradePrevention
D12-F03-A04	fintech-algorithms/matching-engines-and-venue-logic/order-controls/cancel-on-disconnect	cancelOnDisconnect
D12-F03-A05	fintech-algorithms/matching-engines-and-venue-logic/order-controls/fat-finger-limit	fatFingerLimit
D12-F03-A06	fintech-algorithms/matching-engines-and-venue-logic/order-controls/circuit-breaker-trigger	circuitBreakerTrigger
D12-F04-A01	fintech-algorithms/matching-engines-and-venue-logic/order-lifecycle-and-queue-state/limit-order-lifecycle-state-machine	limitOrderLifecycle
D12-F04-A02	fintech-algorithms/matching-engines-and-venue-logic/order-lifecycle-and-queue-state/cancel-replace-priority-rule	cancelReplacePriority
D12-F04-A03	fintech-algorithms/matching-engines-and-venue-logic/order-lifecycle-and-queue-state/partial-fill-and-residual-quantity-processing	partialFillResidual
D12-F04-A04	fintech-algorithms/matching-engines-and-venue-logic/order-lifecycle-and-queue-state/queue-position-and-ahead-volume-calculation	queuePositionAheadVolume
D12-F04-A05	fintech-algorithms/matching-engines-and-venue-logic/order-lifecycle-and-queue-state/iceberg-reserve-order-replenishment	icebergReplenishment
D12-F04-A06	fintech-algorithms/matching-engines-and-venue-logic/order-lifecycle-and-queue-state/marketable-order-multi-level-sweep	marketableOrderSweep
D13-F01-A01	fintech-algorithms/execution-and-transaction-cost-analysis/schedule-based-execution/twap-execution	twapExecution
D13-F01-A02	fintech-algorithms/execution-and-transaction-cost-analysis/schedule-based-execution/historical-vwap-execution	historicalVwapExecution
D13-F01-A03	fintech-algorithms/execution-and-transaction-cost-analysis/schedule-based-execution/adaptive-vwap-execution	adaptiveVwapExecution
D13-F01-A04	fintech-algorithms/execution-and-transaction-cost-analysis/schedule-based-execution/percentage-of-volume-execution	percentageOfVolumeExecution
D13-F02-A01	fintech-algorithms/execution-and-transaction-cost-analysis/cost-risk-optimization/almgren-chriss-optimal-execution	almgrenChrissOptimalExecution
D13-F02-A02	fintech-algorithms/execution-and-transaction-cost-analysis/cost-risk-optimization/implementation-shortfall-execution	implementationShortfallExecution
D13-F02-A03	fintech-algorithms/execution-and-transaction-cost-analysis/cost-risk-optimization/arrival-price-execution	arrivalPriceExecution
D13-F02-A04	fintech-algorithms/execution-and-transaction-cost-analysis/cost-risk-optimization/liquidity-seeking-execution	liquiditySeekingExecution
D13-F02-A05	fintech-algorithms/execution-and-transaction-cost-analysis/cost-risk-optimization/opportunistic-dark-pool-execution	opportunisticDarkPoolExecution
D18-F01-A01	fintech-algorithms/fundamental-analysis-and-valuation/statement-ratios/dupont-decomposition	dupontDecomposition
D18-F01-A02	fintech-algorithms/fundamental-analysis-and-valuation/statement-ratios/roic-calculation	roicCalculation
D18-F01-A03	fintech-algorithms/fundamental-analysis-and-valuation/statement-ratios/cash-conversion-cycle	cashConversionCycle
D18-F01-A04	fintech-algorithms/fundamental-analysis-and-valuation/statement-ratios/interest-coverage-ratio	interestCoverageRatio
D18-F01-A05	fintech-algorithms/fundamental-analysis-and-valuation/statement-ratios/net-debt-ebitda	netDebtToEbitda
D18-F01-A06	fintech-algorithms/fundamental-analysis-and-valuation/statement-ratios/common-size-statements	commonSizeStatements
D18-F02-A01	fintech-algorithms/fundamental-analysis-and-valuation/intrinsic-valuation/free-cash-flow-dcf	freeCashFlowDcf
D18-F02-A02	fintech-algorithms/fundamental-analysis-and-valuation/intrinsic-valuation/dividend-discount-model	dividendDiscountModel
D18-F02-A03	fintech-algorithms/fundamental-analysis-and-valuation/intrinsic-valuation/gordon-growth-model	gordonGrowthModel
D18-F02-A04	fintech-algorithms/fundamental-analysis-and-valuation/intrinsic-valuation/residual-income-model	residualIncomeModel
D18-F02-A05	fintech-algorithms/fundamental-analysis-and-valuation/intrinsic-valuation/economic-value-added	economicValueAdded
D18-F03-A01	fintech-algorithms/fundamental-analysis-and-valuation/relative-valuation/p-e-comparable-valuation	pEComparableValuation
D18-F03-A02	fintech-algorithms/fundamental-analysis-and-valuation/relative-valuation/ev-ebitda-comparable-valuation	evEbitdaComparableValuation
D18-F03-A03	fintech-algorithms/fundamental-analysis-and-valuation/relative-valuation/price-to-book-valuation	priceToBookValuation
D18-F03-A04	fintech-algorithms/fundamental-analysis-and-valuation/relative-valuation/peg-ratio	pegRatio
D18-F03-A05	fintech-algorithms/fundamental-analysis-and-valuation/relative-valuation/peer-multiple-regression	peerMultipleRegression
D18-F04-A01	fintech-algorithms/fundamental-analysis-and-valuation/quality-and-distress/altman-z-score	altmanZScore
D18-F04-A02	fintech-algorithms/fundamental-analysis-and-valuation/quality-and-distress/piotroski-f-score	piotroskiFScore
D18-F04-A03	fintech-algorithms/fundamental-analysis-and-valuation/quality-and-distress/beneish-m-score	beneishMScore
D18-F04-A04	fintech-algorithms/fundamental-analysis-and-valuation/quality-and-distress/sloan-accrual-measure	sloanAccrualMeasure
D18-F04-A05	fintech-algorithms/fundamental-analysis-and-valuation/quality-and-distress/ohlson-o-score	ohlsonOScore
D18-F04-A06	fintech-algorithms/fundamental-analysis-and-valuation/quality-and-distress/zmijewski-x-score	zmijewskiXScore
D18-F04-A07	fintech-algorithms/fundamental-analysis-and-valuation/quality-and-distress/springate-s-score	springateSScore
D18-F04-A08	fintech-algorithms/fundamental-analysis-and-valuation/quality-and-distress/taffler-z-score	tafflerZScore
D18-F04-A09	fintech-algorithms/fundamental-analysis-and-valuation/quality-and-distress/fulmer-h-score	fulmerHScore
D18-F04-A10	fintech-algorithms/fundamental-analysis-and-valuation/quality-and-distress/grover-g-score	groverGScore
D18-F04-A11	fintech-algorithms/fundamental-analysis-and-valuation/quality-and-distress/dechow-f-score-for-misstatement-risk	dechowFScoreForMisstatementRisk
D18-F04-A12	fintech-algorithms/fundamental-analysis-and-valuation/quality-and-distress/dechow-dichev-accrual-quality	dechowDichevAccrualQuality
D18-F04-A13	fintech-algorithms/fundamental-analysis-and-valuation/quality-and-distress/modified-jones-discretionary-accrual-model	modifiedJonesDiscretionaryAccrualModel
D18-F09-A01	fintech-algorithms/fundamental-analysis-and-valuation/integrated-equity-scoring/point-in-time-stock-scoring-input-assembly	pointInTimeStockScoringInputAssembly
D18-F09-A02	fintech-algorithms/fundamental-analysis-and-valuation/integrated-equity-scoring/stock-scoring-peer-cohort-resolver	stockScoringPeerCohortResolver
D18-F09-A03	fintech-algorithms/fundamental-analysis-and-valuation/integrated-equity-scoring/fundamental-metric-direction-and-peer-normalization	fundamentalMetricDirectionAndPeerNormalization
D18-F09-A04	fintech-algorithms/fundamental-analysis-and-valuation/integrated-equity-scoring/model-applicability-and-variant-router	modelApplicabilityAndVariantRouter
D18-F09-A05	fintech-algorithms/fundamental-analysis-and-valuation/integrated-equity-scoring/accounting-financial-health-composite	accountingFinancialHealthComposite
D18-F09-A06	fintech-algorithms/fundamental-analysis-and-valuation/integrated-equity-scoring/earnings-quality-composite	earningsQualityComposite
D18-F09-A07	fintech-algorithms/fundamental-analysis-and-valuation/integrated-equity-scoring/dividend-safety-score	dividendSafetyScore
D18-F09-A08	fintech-algorithms/fundamental-analysis-and-valuation/integrated-equity-scoring/balance-sheet-resilience-score	balanceSheetResilienceScore
D18-F09-A09	fintech-algorithms/fundamental-analysis-and-valuation/integrated-equity-scoring/distress-model-ensemble	distressModelEnsemble
D18-F09-A10	fintech-algorithms/fundamental-analysis-and-valuation/integrated-equity-scoring/cross-model-conflict-and-double-counting-resolver	crossModelConflictAndDoubleCountingResolver
D18-F09-A11	fintech-algorithms/fundamental-analysis-and-valuation/integrated-equity-scoring/overall-explainable-stock-score	overallExplainableStockScore
D18-F09-A12	fintech-algorithms/fundamental-analysis-and-valuation/integrated-equity-scoring/score-confidence-missing-data-penalty-and-abstention	scoreConfidenceMissingDataPenaltyAndAbstention
D18-F09-A13	fintech-algorithms/fundamental-analysis-and-valuation/integrated-equity-scoring/market-wide-stock-screening-and-ranking	marketWideStockScreeningAndRanking
D18-F09-A14	fintech-algorithms/fundamental-analysis-and-valuation/integrated-equity-scoring/stock-score-history-migration-and-change-attribution	stockScoreHistoryMigrationAndChangeAttribution
D18-F10-A01	fintech-algorithms/fundamental-analysis-and-valuation/sector-specific-equity-scoring/bank-fundamental-score	bankFundamentalScore
D18-F10-A02	fintech-algorithms/fundamental-analysis-and-valuation/sector-specific-equity-scoring/insurance-fundamental-score	insuranceFundamentalScore
D18-F10-A03	fintech-algorithms/fundamental-analysis-and-valuation/sector-specific-equity-scoring/reit-fundamental-score	reitFundamentalScore
D18-F10-A04	fintech-algorithms/fundamental-analysis-and-valuation/sector-specific-equity-scoring/utility-fundamental-score	utilityFundamentalScore
D18-F10-A05	fintech-algorithms/fundamental-analysis-and-valuation/sector-specific-equity-scoring/early-stage-liquidity-and-runway-score	earlyStageLiquidityAndRunwayScore
D18-F10-A06	fintech-algorithms/fundamental-analysis-and-valuation/sector-specific-equity-scoring/cyclical-and-commodity-cycle-normalization	cyclicalAndCommodityCycleNormalization
D18-F10-A07	fintech-algorithms/fundamental-analysis-and-valuation/sector-specific-equity-scoring/holding-company-look-through-score	holdingCompanyLookThroughScore
D18-F10-A08	fintech-algorithms/fundamental-analysis-and-valuation/sector-specific-equity-scoring/sector-specific-weight-calibration	sectorSpecificWeightCalibration
D18-F10-A09	fintech-algorithms/fundamental-analysis-and-valuation/sector-specific-equity-scoring/unsupported-scope-and-coverage-decision	unsupportedScopeAndCoverageDecision
D21-F01-A01	fintech-algorithms/credit-risk-and-default/probability-of-default/logistic-pd-model	logisticPdModel
D21-F01-A02	fintech-algorithms/credit-risk-and-default/probability-of-default/probit-pd-model	probitPdModel
D21-F01-A03	fintech-algorithms/credit-risk-and-default/probability-of-default/through-the-cycle-pd	throughTheCyclePd
D21-F01-A04	fintech-algorithms/credit-risk-and-default/probability-of-default/point-in-time-pd	pointInTimePd
D21-F01-A05	fintech-algorithms/credit-risk-and-default/probability-of-default/merton-distance-to-default	mertonDistanceToDefault
D21-F01-A06	fintech-algorithms/credit-risk-and-default/probability-of-default/campbell-hilscher-szilagyi-distress-probability	campbellHilscherSzilagyiDistressProbability
D21-F01-A07	fintech-algorithms/credit-risk-and-default/probability-of-default/bharath-shumway-naive-distance-to-default	bharathShumwayNaiveDistanceToDefault
D25-F01-A01	fintech-algorithms/digital-assets-and-on-chain-finance/amm-pricing/constant-product-amm	constantProductQuote
D25-F01-A02	fintech-algorithms/digital-assets-and-on-chain-finance/amm-pricing/constant-sum-amm	constantSumQuote
D25-F01-A03	fintech-algorithms/digital-assets-and-on-chain-finance/amm-pricing/stableswap-invariant	stableSwapQuote
D25-F01-A04	fintech-algorithms/digital-assets-and-on-chain-finance/amm-pricing/weighted-product-amm	weightedProductQuote
D25-F01-A05	fintech-algorithms/digital-assets-and-on-chain-finance/amm-pricing/concentrated-liquidity-position	concentratedLiquidityPosition
D25-F02-A01	fintech-algorithms/digital-assets-and-on-chain-finance/liquidity-and-liquidation/impermanent-loss-calculation	impermanentLoss
D25-F02-A02	fintech-algorithms/digital-assets-and-on-chain-finance/liquidity-and-liquidation/liquidity-provider-fee-apr	feeApr
D25-F02-A03	fintech-algorithms/digital-assets-and-on-chain-finance/liquidity-and-liquidation/collateral-health-factor	healthFactor
D25-F02-A04	fintech-algorithms/digital-assets-and-on-chain-finance/liquidity-and-liquidation/liquidation-price-calculation	liquidationPrice
D25-F02-A05	fintech-algorithms/digital-assets-and-on-chain-finance/liquidity-and-liquidation/liquidation-waterfall	liquidationWaterfall
D40-F05-A01	fintech-algorithms/model-validation-and-backtesting/classification-and-score-validation/roc-curve-and-roc-auc	rocCurveAndRocAuc
D40-F05-A02	fintech-algorithms/model-validation-and-backtesting/classification-and-score-validation/precision-recall-curve-and-pr-auc	precisionRecallCurveAndPrAuc
D40-F05-A03	fintech-algorithms/model-validation-and-backtesting/classification-and-score-validation/brier-score	brierScore
D40-F05-A04	fintech-algorithms/model-validation-and-backtesting/classification-and-score-validation/log-loss	logLoss
D40-F05-A05	fintech-algorithms/model-validation-and-backtesting/classification-and-score-validation/reliability-diagram-and-expected-calibration-error	reliabilityDiagramAndExpectedCalibrationError
D40-F05-A06	fintech-algorithms/model-validation-and-backtesting/classification-and-score-validation/gains-lift-and-decile-capture	gainsLiftAndDecileCapture
D40-F05-A07	fintech-algorithms/model-validation-and-backtesting/classification-and-score-validation/cost-sensitive-threshold-optimization	costSensitiveThresholdOptimization
D40-F05-A08	fintech-algorithms/model-validation-and-backtesting/classification-and-score-validation/score-stability-and-migration-matrix	scoreStabilityAndMigrationMatrix
D40-F05-A09	fintech-algorithms/model-validation-and-backtesting/classification-and-score-validation/slice-based-validation-by-sector-country-and-regime	sliceBasedValidationBySectorCountryAndRegime
D40-F05-A10	fintech-algorithms/model-validation-and-backtesting/classification-and-score-validation/rare-event-backtest-and-confidence-bounds	rareEventBacktestAndConfidenceBounds
D46-F01-A05	fintech-algorithms/earnings-and-per-share-analytics/earnings-and-share-foundations/stock-split-consolidation-eps-restatement	restateEpsForCapitalEvents
D46-F01-A06	fintech-algorithms/earnings-and-per-share-analytics/earnings-and-share-foundations/bonus-issue-eps-restatement	bonusIssueEpsRestatement
D46-F01-A07	fintech-algorithms/earnings-and-per-share-analytics/earnings-and-share-foundations/rights-issue-bonus-factor-adjustment	rightsIssueBonusFactorAdjustment
D46-F01-A08	fintech-algorithms/earnings-and-per-share-analytics/earnings-and-share-foundations/basic-eps	calculateBasicEps
D46-F02-A01	fintech-algorithms/earnings-and-per-share-analytics/basic-and-diluted-eps/if-converted-convertible-debt-dilution	ifConvertedConvertibleDebtDilution
D46-F02-A02	fintech-algorithms/earnings-and-per-share-analytics/basic-and-diluted-eps/if-converted-convertible-preference-dilution	calculateConvertiblePreferenceDilution
D46-F02-A03	fintech-algorithms/earnings-and-per-share-analytics/basic-and-diluted-eps/treasury-share-method-for-options-warrants	calculateTreasuryShareMethod
D46-F02-A04	fintech-algorithms/earnings-and-per-share-analytics/basic-and-diluted-eps/contingently-issuable-share-inclusion	calculateContingentShareInclusion
